Date,Adj Close,LR Prediction,DTR Prediction,MLP Prediction,XGBoost Prediction,XGBoost_LR Prediction,ADA Prediction,GBR Prediction,Bagging Prediction,StackedRegressor Prediction
2021-08-11,177.8348846435547,172.31680957650755,172.2439422607422,172.55801654015409,173.50735,171.04385,172.47042827841676,173.2678392220138,173.0684326171875,172.32817834258776
2021-08-12,180.59226989746094,176.8065841914054,175.94659423828125,176.92424181413713,175.03362,174.88824,173.15451016145593,176.66795442644042,174.7504455566406,176.70375409485746
2021-08-13,181.17483520507812,179.0596503691238,175.82257080078125,178.39363599997785,179.7946,177.51761,175.5244705612595,178.57915837105523,179.63419036865236,179.07372564191954
2021-08-16,178.90286254882812,178.9615132367535,175.82257080078125,178.19780358220603,179.92294,177.45866,175.5244705612595,178.96757754486296,181.0962661743164,178.95419436443905
2021-08-17,183.33030700683594,178.6372264637765,181.80633544921875,177.326882984897,181.09067,177.45529,177.67214584350586,178.96368714168793,179.9804946899414,178.6314373963862
2021-08-18,182.8448486328125,185.20042661192258,185.4288330078125,184.4435371430181,184.14131,183.1467,178.7677729288737,184.00108285822827,184.97403106689453,185.10667972998422
2021-08-19,175.6017303466797,182.26698643298823,182.85205078125,181.69040012220222,181.68947,179.98918,178.88043004437222,182.20208846180964,182.7526596069336,182.24901200744188
2021-08-20,174.494873046875,176.5150635452509,174.0440216064453,175.90294889512376,174.29071,174.91284,178.489012218657,177.03870798948415,175.91658630371094,176.44673921262049
2021-08-23,180.08740234375,178.91563922787867,173.8746337890625,179.34109078957448,176.37521,177.66162,177.8379019803779,179.96209174352978,177.9013427734375,178.94345558747548
2021-08-24,180.49517822265625,183.0483177792421,173.8746337890625,184.51154436955093,183.7048,181.35953,178.38701283524676,183.62684349412913,181.84378509521486,183.00809657106822
2021-08-25,180.14566040039062,179.22885043743085,173.8746337890625,180.2475354956823,181.774,178.78143,177.67214584350586,181.0732904982805,180.95366821289062,179.30028371256543
2021-08-26,181.40785217285156,178.19066674945978,175.82257080078125,179.26602566560564,178.4813,178.82391,176.86451316985074,178.73691335785776,181.22247772216798,178.28857425836364
2021-08-27,183.93226623535156,179.75174925464617,175.82257080078125,181.42963759434573,183.07388,179.84872,177.88720703125,181.43435900821362,182.42032318115236,179.84655227886697
2021-08-30,182.94192504882812,183.41425037301093,185.4288330078125,184.4820980832461,183.7408,183.23328,179.16556705840645,183.81905111371847,183.28246154785157,183.42677860877814
2021-08-31,179.36892700195312,180.98927974784033,184.41610717773438,182.34124568783614,181.2542,180.58768,179.4933828610426,181.9930325437725,182.04546813964845,181.037167272616
2021-09-01,180.6699676513672,178.9254078019759,177.62356567382812,180.32364973880243,178.2097,178.71664,179.16556705840645,180.43656183606663,178.79627685546876,178.91988332847816
2021-09-02,186.8061981201172,181.89526528907567,175.82257080078125,184.03047206615759,183.2064,181.53358,179.16556705840645,183.59161421380995,182.74793090820313,182.00925378572893
2021-09-03,188.65097045898438,187.57996524446608,187.40711975097656,189.34266185725556,186.0716,187.22192,184.86421585083008,188.2028943280661,185.69293670654298,187.59355612066992
2021-09-06,193.91339111328125,185.84245116726046,185.19883728027344,187.29801005754695,183.73518,185.7051,184.86421585083008,185.6639258556376,183.20446014404297,185.80402223590892
2021-09-07,194.62216186523438,191.48621111459155,190.89788818359375,192.6255067168986,186.89163,191.18608,187.653508325318,189.34303357553196,189.6468505859375,191.42606673602157
2021-09-08,193.09779357910156,191.14542930323503,185.23739624023438,191.98762969940344,189.9092,190.32368,188.21454972487228,189.01102032515573,188.13130950927734,191.00529931399888
2021-09-09,189.35003662109375,191.1257670086169,200.31109619140625,192.31098097163073,191.98659,189.1107,189.95855998101635,192.7090190417768,194.5414581298828,191.28882674313414
2021-09-10,191.89385986328125,189.4763025152216,200.31109619140625,190.99558699968335,190.98853,186.95302,189.95855998101635,191.33202713513458,193.3469711303711,189.6619758131406
2021-09-13,195.49600219726562,193.8249349610988,200.31109619140625,196.2929100694618,193.33688,190.94534,189.95855998101635,193.81725857305008,195.11402130126953,193.88617561127194
2021-09-14,195.690185546875,195.05106200932394,200.31109619140625,197.46113503444508,193.85286,193.048,189.95855998101635,195.00021931847394,195.07984008789063,195.09388409772984
2021-09-15,202.8750457763672,192.5366667573915,200.31109619140625,194.99927928408118,192.10492,190.6042,189.95855998101635,193.11158956595597,194.60982360839844,192.63151238208525
2021-09-16,198.94277954101562,200.86555833667327,200.31109619140625,202.90414456410787,195.65875,198.8951,191.30929094679811,199.09051381671614,196.4398986816406,200.7757001274663
2021-09-17,195.83584594726562,195.31420526165385,200.31109619140625,195.9735127397841,193.26227,194.40814,190.84037746082652,194.22728117328086,194.7051208496094,195.262149997885
2021-09-20,194.47654724121094,197.2782421808015,200.31109619140625,197.97537873806937,194.20195,195.97598,190.84037746082652,194.7265131269406,194.81621551513672,197.14461477835545
2021-09-21,195.1561737060547,197.27979426959968,200.31109619140625,199.03998946500172,192.5319,195.56555,190.84037746082652,195.22627189677442,195.32896270751954,197.21693616169856
2021-09-22,201.7584991455078,198.11034196131055,200.31109619140625,200.43256430850755,193.83276,196.73872,190.84037746082652,195.29258725607235,195.2605972290039,198.00886921623632
2021-09-23,200.25352478027344,201.5692930388141,200.31109619140625,204.6906372339388,196.12411,201.19244,191.30929094679811,198.2172808363599,196.354443359375,201.40419893670008
2021-09-24,200.35064697265625,196.08897696070423,189.20167541503906,198.63117991429516,192.70598,196.57779,190.84037746082652,194.78871256829095,195.32896270751954,196.07488735454547
2021-09-27,204.76834106445312,197.2876198065729,189.20167541503906,200.50023764195163,190.73022,197.42075,190.84037746082652,194.98229110214476,194.09837799072267,197.2324191398585
2021-09-28,211.6619110107422,202.21470106469664,189.20167541503906,205.6715281985367,192.66637,202.2001,191.30929094679811,195.96750738588025,194.773486328125,201.9315645689631
2021-09-29,210.98226928710938,209.08927545340168,189.20167541503906,211.39373646854153,193.88744,209.26799,191.30929094679811,198.194851753463,194.773486328125,208.49839312696238
2021-09-30,216.17674255371094,206.87533661028908,189.20167541503906,208.0376605436204,191.94403,207.02138,190.84037746082652,195.4514909460133,193.79073486328124,206.2632986901725
2021-10-01,219.52642822265625,214.39185795118195,189.20167541503906,215.96035565055877,193.51402,213.06462,191.30929094679811,196.69145469526705,194.76494140625,213.39385402054245
2021-10-04,222.68194580078125,217.14439408638646,189.20167541503906,218.2009211375909,192.65092,215.12874,190.84037746082652,195.88940115729878,194.34620361328126,215.9402002397308
2021-10-05,223.6043243408203,220.22353429090063,189.20167541503906,220.55958060451223,192.7547,217.09164,190.84037746082652,196.01757876965016,194.4658416748047,218.81541487421515
2021-10-06,215.35142517089844,220.49691138378645,189.20167541503906,220.2539186663277,192.51505,217.2915,190.84037746082652,195.37400992514858,194.32910766601563,219.0513261173805
2021-10-07,209.67152404785156,214.59367281979252,189.11624145507812,213.61023490611444,190.7251,211.93985,190.84037746082652,193.12451533333834,193.36344299316406,213.3434653144838
2021-10-08,218.2642059326172,215.23117353909979,189.11624145507812,215.5882296510036,190.37444,213.29282,190.84037746082652,194.08263687241467,193.25234832763672,213.99558332230012
2021-10-11,220.69154357910156,224.42899147996948,189.20167541503906,226.32112531306302,193.38716,222.54633,191.30929094679811,198.92682982050331,193.7394546508789,222.93946444468682
2021-10-12,221.37118530273438,219.5214458169398,189.20167541503906,222.07803921066898,192.11284,219.00864,190.84037746082652,195.65113776290136,193.60272064208985,218.13334306613388
2021-10-13,219.7691650390625,217.45161512122957,189.20167541503906,220.21739520608804,192.05275,218.15771,190.84037746082652,195.0467027190785,193.4147171020508,216.15519038276673
2021-10-14,223.8470458984375,215.78476665609372,189.20167541503906,219.0472264762033,190.66478,215.87556,190.84037746082652,194.47665228815157,192.53451232910157,214.5232881078271
2021-10-15,222.29356384277344,221.8161726672429,189.20167541503906,225.27179712995817,191.75171,221.4893,190.84037746082652,195.78529902164956,193.183984375,220.27103868366012
2021-10-18,226.9054718017578,218.4776651740735,189.20167541503906,221.6533414892766,191.69043,219.22978,190.84037746082652,194.73362882816198,192.53451232910157,217.04950966107228
2021-10-19,225.06069946289062,224.14915904231316,189.20167541503906,227.49659003238725,193.47993,225.27983,191.30929094679811,196.080747929127,193.25235137939453,222.46751337438494
2021-10-20,229.04150390625,221.35481299339742,189.20167541503906,224.31220854222528,191.01068,222.9708,190.84037746082652,194.73362882816198,192.6028793334961,219.7620933491846
2021-10-21,226.9054718017578,226.37982268689643,189.20167541503906,229.8852576803435,192.26721,227.08574,190.84037746082652,195.81878125001336,193.25235137939453,224.56593272247676
2021-10-22,223.99269104003906,222.43851820709628,189.20167541503906,225.90713011102062,191.80681,224.16594,190.84037746082652,194.91876532204148,192.0644973754883,220.77511784825546
2021-10-25,228.410400390625,222.78219112816112,189.20167541503906,226.44772932369625,192.12502,224.51562,190.84037746082652,194.36498150200447,192.0644973754883,221.0556679532772
2021-10-26,226.08018493652344,228.46524953882496,189.20167541503906,232.32435377288505,192.4855,229.66992,191.30929094679811,195.93695328716527,193.25235137939453,226.52648997562972
2021-10-27,221.22555541992188,223.47033734465208,189.20167541503906,227.87392277901864,191.3085,224.72815,190.84037746082652,194.60609749783404,191.8850357055664,221.74145863533897
2021-10-28,210.98226928710938,220.0500280687402,189.11624145507812,224.50998267707524,189.89862,222.28905,190.84037746082652,193.1708210054602,190.63736419677736,218.44550577968178
2021-10-29,207.53549194335938,213.09621024124073,188.85986328125,217.58240086413855,189.93925,215.88397,190.84037746082652,188.03336069738853,189.31278228759766,211.56475839920944
2021-11-01,214.57469177246094,213.75346490366636,188.85986328125,219.5224520802886,189.81644,216.75879,190.84037746082652,189.8900644586185,189.31278228759766,212.29096436454577
2021-11-02,212.9241485595703,218.41807582254938,188.85986328125,224.96197726822447,191.36464,222.0491,191.30929094679811,194.29374691902805,189.91097717285157,216.9391601082584
2021-11-03,213.74940490722656,210.85959428590564,188.85986328125,216.16397321110787,190.14223,216.00133,190.84037746082652,191.16362126412244,189.68878936767578,209.6268368832106
2021-11-04,216.41946411132812,211.76103307233998,188.85986328125,216.7162104564535,190.80841,218.16228,190.84037746082652,191.49976485989643,189.91097717285157,210.5248873276979
2021-11-05,219.3807830810547,214.27245102735222,189.20167541503906,218.956205411095,189.948,220.92384,190.84037746082652,193.8692591123038,190.7911834716797,213.06859132666276
2021-11-08,224.28396606445312,216.14031961513749,188.85986328125,221.05197384580333,190.52608,221.00885,190.84037746082652,192.86247339985186,189.91097717285157,214.7249995551846
2021-11-09,218.7496795654297,219.16162936996747,188.85986328125,224.05302955259967,190.52269,223.21338,191.30929094679811,193.76347509973002,189.91097717285157,217.62952896972627
2021-11-10,217.29330444335938,213.37987932323963,188.85986328125,216.96335661075352,190.78598,217.14653,190.84037746082652,190.3221678623305,189.31278228759766,211.92920452508716
2021-11-11,216.5936737060547,216.66351491442416,188.85986328125,220.56071746388943,189.86607,219.62857,190.84037746082652,191.6173394159878,189.68878936767578,215.1114385680373
2021-11-12,215.76773071289062,217.08321514502384,188.85986328125,221.07219778989287,190.01004,219.26561,190.84037746082652,191.7269454900746,189.68878936767578,215.51183516636976
2021-11-15,219.071533203125,216.62376866123006,188.85986328125,220.29804387959592,189.84229,219.01086,190.84037746082652,192.05055218336383,189.68878936767578,215.09390490192615
2021-11-16,229.32305908203125,218.4526823823321,188.85986328125,222.49503500118337,190.5302,220.60573,190.84037746082652,192.27831037955298,189.91097717285157,216.87008737677868
2021-11-17,230.05181884765625,225.4401689162992,188.85986328125,229.33864631964298,189.9697,227.16487,191.30929094679811,196.5347003347954,189.91097717285157,223.67351594248916
2021-11-18,220.43191528320312,221.74508537966673,188.85986328125,224.4361766461368,189.29622,222.75455,190.84037746082652,192.23194096742233,189.91097717285157,219.96609745389904
2021-11-19,214.21298217773438,215.69369455092715,188.85986328125,217.10722416805618,190.6702,216.40717,190.84037746082652,188.54868680235955,189.31278228759766,214.01225117557357
2021-11-22,217.2738800048828,217.62178702167878,188.85986328125,219.36842341660747,190.12587,217.55168,190.84037746082652,190.30642348946722,189.31278228759766,215.9203481771859
2021-11-23,221.74371337890625,223.34454353171088,188.85986328125,225.9892185130118,189.01366,222.13582,190.84037746082652,192.08832469587395,189.91097717285157,221.47498172001494
2021-11-24,224.90176391601562,223.48821576675104,188.85986328125,225.67063354839604,189.56154,223.37317,191.30929094679811,192.24482815118918,189.91097717285157,221.61006755295782
2021-11-25,223.24984741210938,222.2065138397509,188.85986328125,223.79135648205207,189.53352,223.50842,190.84037746082652,193.64459651809705,189.91097717285157,220.4818712620153
2021-11-26,213.6785430908203,219.9401420790251,189.20167541503906,220.68330386782048,190.01125,222.45198,190.84037746082652,194.8535787777153,192.4234176635742,218.4237103008941
2021-11-29,220.72341918945312,215.96692009932,189.11624145507812,215.3371339668454,189.27733,218.45879,190.84037746082652,190.87619297271016,189.33842010498046,214.40519987883766
2021-11-30,222.2295684814453,226.79773256109644,189.20167541503906,228.05638432546968,189.6386,227.608,191.30929094679811,195.7473029920275,190.09043731689454,224.91927234947195
2021-12-01,223.6871337890625,223.63615588792302,189.20167541503906,224.08441020984753,190.50761,225.37372,190.84037746082652,194.54882068658372,190.75699920654296,221.89245909352945
2021-12-02,223.6871337890625,223.19388387861835,189.20167541503906,223.7874909035799,190.15097,225.3868,190.84037746082652,194.54882068658372,192.20122375488282,221.4628860616362
2021-12-03,224.46450805664062,222.01625059004036,189.20167541503906,222.7139483693539,188.70229,224.23807,190.84037746082652,193.57615277855908,190.5262680053711,220.3075723314516
2021-12-06,224.85317993164062,224.12926780128663,189.20167541503906,225.02623285189975,189.34767,225.10838,190.84037746082652,192.87657306959065,189.94515838623047,222.2489500281194
2021-12-07,232.82119750976562,224.3198014471841,188.85986328125,225.3587570053691,189.2079,224.46849,190.84037746082652,192.18449104297952,189.83406524658204,222.3657018220862
2021-12-08,232.67543029785156,232.26149459623306,189.20167541503906,233.2011219420299,191.8067,232.31255,191.30929094679811,198.30676465665633,193.07288970947266,230.20584677861393
2021-12-09,229.71173095703125,228.45326841854876,189.20167541503906,228.70915870589977,190.64494,228.88646,190.84037746082652,194.97426638207824,192.3636001586914,226.44401692458598
2021-12-10,226.16500854492188,227.2718769279028,189.20167541503906,227.6265450396508,190.24385,227.53497,190.84037746082652,194.17583699779487,191.8850357055664,225.27214194319407
2021-12-13,226.40792846679688,226.77090543296737,189.20167541503906,227.4757492478551,190.48283,226.97237,190.84037746082652,194.12273738187284,190.7911865234375,224.7979901459875
2021-12-14,226.74803161621094,229.01791112247696,189.20167541503906,230.51937856067357,188.72363,228.61188,190.84037746082652,193.4062336954551,190.67154388427736,226.9264268060156
2021-12-15,223.9300537109375,227.4434521506346,188.85986328125,229.5251736392484,190.32185,226.55246,190.84037746082652,191.62328817989427,189.83406524658204,225.27846605281948
2021-12-16,232.96694946289062,223.89424317910695,188.85986328125,225.6835419818588,189.98476,223.62032,190.84037746082652,190.76884468326676,189.440966796875,221.86236377272667
2021-12-17,229.42022705078125,232.7790802969171,189.20167541503906,234.96630002290718,192.07396,233.0991,191.30929094679811,198.54886538498698,193.07288970947266,230.71095132878585
2021-12-20,228.8372039794922,225.26314791386918,189.20167541503906,226.262000472489,190.55684,227.05551,190.84037746082652,194.78418259140932,191.8850357055664,223.40980770390632
2021-12-21,242.58685302734375,227.0044740380184,189.20167541503906,228.83370881191274,189.80623,228.2696,190.84037746082652,194.61035429642317,192.3636001586914,225.07652743758322
2021-12-22,238.9429473876953,241.73606502482582,189.20167541503906,243.6993918734131,191.54265,241.75331,191.30929094679811,199.23788715630144,193.25235137939453,239.16786838103084
2021-12-23,236.51368713378906,232.6928815058551,189.20167541503906,233.08651229839754,190.4008,232.59323,190.84037746082652,194.78418259140932,191.8850357055664,230.40658460023968
2021-12-27,233.11268615722656,233.69479416004236,189.20167541503906,234.5719369691883,190.56273,233.4448,190.84037746082652,194.6961385894681,191.8850357055664,231.3642021212188
2021-12-28,234.13299560546875,235.6888667848672,189.20167541503906,235.5842217300886,190.6896,235.64854,190.84037746082652,194.34311880410914,192.0644973754883,233.20229128331843
2021-12-29,232.0924072265625,239.0660563375017,189.20167541503906,239.9400987339857,190.89732,237.75053,190.84037746082652,195.2113438528171,192.9361557006836,236.46850006677556
2021-12-30,229.2258758544922,235.27402518204693,189.20167541503906,236.07390391811444,190.7229,235.1314,190.84037746082652,194.12677718691268,190.16735076904297,232.81964473783339
2022-01-03,228.8372039794922,232.6483336908081,189.20167541503906,233.82935562304115,190.08011,233.30905,190.84037746082652,192.11394734138145,189.46660461425782,230.19378749977736
2022-01-04,233.8414764404297,232.77216994257856,189.20167541503906,234.38950580340364,189.21455,234.04114,190.84037746082652,192.81769308145377,189.71442718505858,230.35786134016564
2022-01-05,238.9429473876953,236.29713314969752,189.20167541503906,238.4744021810574,191.28983,237.63133,191.30929094679811,195.0324019395308,190.7911834716797,233.85244741151794
2022-01-06,239.72030639648438,237.12052540828785,189.20167541503906,239.36148015190872,191.39304,238.7574,191.30929094679811,195.9834281437417,193.07288970947266,234.69180503560762
2022-01-07,237.09671020507812,235.11403011783986,189.20167541503906,237.41695567599322,189.29424,235.868,190.84037746082652,192.87657306959065,190.0562530517578,232.61416841037
2022-01-10,236.80519104003906,234.10847323748231,188.85986328125,236.19605486089876,189.83504,234.265,190.84037746082652,192.63424893305466,189.440966796875,231.60028620400033
2022-01-11,233.40420532226562,236.96200702146672,189.20167541503906,239.1854432447812,189.14743,236.51517,190.84037746082652,192.99904222825182,189.82552185058594,234.33028650377221
2022-01-12,237.6797332763672,234.7917205439719,189.20167541503906,236.75026614097987,189.35516,234.8841,190.84037746082652,192.69093232682692,190.16735076904297,232.28657713668275
2022-01-13,235.687744140625,239.35159693384912,189.20167541503906,242.13073909518428,190.64246,239.54587,190.84037746082652,194.92634847922167,192.37214202880858,236.75293457968
2022-01-14,248.5628662109375,234.37319712166533,189.20167541503906,236.77461098083378,190.37708,235.59442,190.84037746082652,194.12677718691268,190.5262680053711,231.9729298665895
2022-01-17,244.04443359375,249.30702196598924,189.20167541503906,251.0987500485321,191.84937,249.84975,191.30929094679811,199.4247190591078,193.25235137939453,246.3055762420991
2022-01-18,249.48597717285156,238.5724556139426,189.11624145507812,239.52586793019134,190.53267,239.0967,190.84037746082652,194.12660996010507,190.63736419677736,235.91531113881916
2022-01-19,242.6354522705078,247.93947511277034,189.20167541503906,249.70616379444,191.57271,247.28798,191.30929094679811,196.15070995005595,193.25235137939453,244.8769791767035
2022-01-20,245.11328125,240.39690627002346,189.11624145507812,241.2946735357723,189.99452,240.28406,190.84037746082652,193.96014471901873,191.73121337890626,237.63097294069863
2022-01-21,240.1575927734375,247.13836756181354,188.85986328125,249.78200978028153,189.54381,244.18286,190.84037746082652,193.34461402531986,189.91097717285157,243.94687830113187
2022-01-24,240.01182556152344,240.93376686905944,188.85986328125,242.73940066698702,190.15047,239.39755,190.84037746082652,191.83614347907948,189.31278228759766,237.95586745485033
2022-01-25,242.73260498046875,243.3154568732957,188.85986328125,245.6114249360054,189.50313,242.00243,190.84037746082652,192.56279970147807,189.68878936767578,240.28065394373158
2022-01-26,250.99212646484375,244.07512252747543,189.20167541503906,246.51853600028684,190.60516,243.95123,190.84037746082652,194.87075856163875,190.75699920654296,241.1788481936875
2022-01-27,245.9392547607422,249.48277857232208,189.20167541503906,252.20490298252838,192.57266,249.14279,191.30929094679811,198.30676465665633,193.07288970947266,246.4311874314892
2022-01-28,241.46939086914062,240.76569899906514,189.11624145507812,242.36720481728133,190.07904,241.7266,190.84037746082652,194.75591192432083,191.73121337890626,238.01935229727013
2022-01-31,238.89437866210938,240.96688924884148,189.11624145507812,242.9999658374455,190.4956,241.95988,190.84037746082652,194.42674292121646,191.73121337890626,238.1921166616895
2022-02-01,239.52597045898438,242.92664305416469,189.20167541503906,244.83852619092383,190.55638,243.5738,190.84037746082652,194.12677718691268,190.16735076904297,240.01833742304484
2022-02-02,240.69200134277344,243.9823255177099,189.20167541503906,246.5650913545703,189.82588,244.40688,190.84037746082652,192.87657306959065,189.85970306396484,240.9449609134631
2022-02-03,242.73260498046875,242.2612825084193,188.85986328125,245.13287124550138,189.81631,243.33858,190.84037746082652,192.89446028666396,189.91097717285157,239.32210051701094
2022-02-04,252.64402770996094,242.26856740034768,188.85986328125,245.17382980252117,189.90321,243.74194,190.84037746082652,193.31113179695606,189.91097717285157,239.34850824949564
2022-02-07,254.8303680419922,250.01840230552108,189.20167541503906,253.10355398652467,191.53252,251.17976,191.30929094679811,198.59629037815012,193.07288970947266,246.95830353890125
2022-02-08,249.4374237060547,248.32043347477978,189.20167541503906,250.4321247355246,191.04915,249.33815,190.84037746082652,195.66109744865028,193.11561737060546,245.2110642915967
2022-02-09,252.83839416503906,245.47977752111012,189.11624145507812,246.68530104111386,189.86633,246.34581,190.84037746082652,194.75591192432083,191.73121337890626,242.45934178240512
2022-02-10,259.0572814941406,252.68520939265753,189.20167541503906,255.12116765333738,191.0931,251.86472,190.84037746082652,195.7952587073985,193.07288970947266,249.35085032060195
2022-02-11,267.4487609863281,259.43078142798447,189.20167541503906,261.00058402765956,191.72041,257.872,191.30929094679811,197.35018666130134,193.25235137939453,255.75804297169807
2022-02-14,266.1847229003906,265.193772592441,189.20167541503906,266.4124455621434,192.44936,262.16058,191.30929094679811,198.30676465665633,193.25235137939453,261.23365144261106
2022-02-15,248.97384643554688,260.7537305422031,189.20167541503906,260.8640236716893,190.29936,258.3832,190.84037746082652,194.86342039578236,192.6028793334961,256.8651420344686
2022-02-16,258.5030517578125,249.4766899745386,188.85986328125,248.5642464662834,190.57253,246.9435,190.84037746082652,189.05394157898726,189.31278228759766,245.84708487371643
2022-02-17,259.8643493652344,267.80833425619045,189.20167541503906,269.705845662614,191.6859,264.0227,191.30929094679811,198.30676465665633,193.07288970947266,263.6947291297256
2022-02-18,260.8853454589844,262.3908263991256,189.20167541503906,263.62481929937394,191.05153,259.59198,190.84037746082652,195.36292523024022,192.9361557006836,258.44853209011524
2022-02-21,268.3725280761719,260.8572165658071,189.20167541503906,262.1906378119462,190.72493,259.82983,190.84037746082652,195.2330256936834,193.11561737060546,256.9953699437456
2022-02-22,264.14276123046875,265.296515826131,189.20167541503906,267.505112257041,191.46631,264.9174,191.30929094679811,198.61943248086376,193.25235137939453,261.3482007466274
2022-02-23,270.17138671875,259.66696583079965,189.20167541503906,261.02080757871914,191.06235,258.95276,190.84037746082652,194.7068554175425,192.0644973754883,255.8140012620622
2022-02-24,281.49945068359375,268.0894286874879,189.20167541503906,270.9003373038577,191.96626,265.61832,191.30929094679811,197.16208823194825,193.25235137939453,263.9140626573602
2022-02-25,266.1847229003906,278.6826554704111,189.20167541503906,279.51873138942193,191.83572,276.06873,191.30929094679811,198.90895820235755,193.25235137939453,273.94720959617166
2022-02-28,270.75482177734375,261.72133031680767,189.11624145507812,260.21750961899824,189.93097,261.15356,190.84037746082652,192.84931129569364,191.91067504882812,257.6523033655624
2022-03-01,291.271728515625,274.4278126211861,189.20167541503906,275.9702537830688,192.50127,273.22903,191.30929094679811,196.1409825395627,193.25235137939453,269.81843772813227
2022-03-02,294.6263427734375,292.2806768666772,189.20167541503906,291.4187601258486,191.52412,290.0377,191.30929094679811,199.7507204532675,193.25235137939453,286.78679862715035
2022-03-03,285.6320495605469,286.1064740220337,189.20167541503906,283.75106419698716,191.99959,284.69696,190.84037746082652,196.1940399656121,193.25235137939453,280.80709324435634
2022-03-04,290.250732421875,279.232882808123,189.11624145507812,276.17836297923327,190.74002,278.6089,190.84037746082652,194.2728477875494,191.91067504882812,274.20937479056647
2022-03-07,297.1059265136719,290.7259396604122,189.20167541503906,288.6206760834321,192.8942,287.03827,191.30929094679811,196.423026525584,193.25235137939453,285.1712730033071
2022-03-08,305.3224182128906,296.6544051518099,189.20167541503906,292.99754469850905,191.67226,291.73898,191.30929094679811,197.92527335671994,193.25235137939453,290.8335804798095
2022-03-09,288.06292724609375,301.78478451205916,189.20167541503906,296.7467011238789,191.41179,298.16092,191.30929094679811,198.98687975993664,193.25235137939453,295.7063864064604
2022-03-10,284.27069091796875,282.70596262129936,189.11624145507812,277.73496019549833,190.48999,281.90704,190.84037746082652,192.973880690548,191.91067504882812,277.39282432945754
2022-03-11,278.7282409667969,289.8292445037579,189.20167541503906,288.1246074073649,190.81242,287.9156,190.84037746082652,194.9382715774317,192.0644973754883,284.22936049718135
2022-03-14,279.45751953125,285.74737923301376,189.11624145507812,285.6422529254618,190.19362,284.45908,190.84037746082652,194.09260051677435,190.0135284423828,280.32614601141745
2022-03-15,276.7834777832031,286.43598944698266,189.20167541503906,288.8119895898594,190.05557,286.88455,190.84037746082652,194.1537427333199,191.92776489257812,281.0469461727432
2022-03-16,279.5547180175781,282.20934493398016,189.20167541503906,284.4294231869293,191.02972,286.93665,190.84037746082652,194.9747969703448,192.0644973754883,277.0664478375078
2022-03-17,289.6673278808594,283.6465502998874,189.20167541503906,287.2162857490092,190.83098,288.66684,190.84037746082652,195.72339091284707,193.11561737060546,278.4887478803804
2022-03-18,292.4871520996094,289.2185731001575,189.20167541503906,293.10956980570666,191.27762,294.4547,191.30929094679811,198.90076632593048,193.25235137939453,283.87683524516694
2022-03-21,307.7047119140625,287.2865047159326,189.20167541503906,290.82626131794643,191.62195,292.6306,190.84037746082652,196.0188543856592,193.11561737060546,281.91653408421075
2022-03-22,306.7322998046875,300.1369354433254,189.20167541503906,302.7844245989104,191.49132,303.19852,191.30929094679811,199.09698574900142,193.25235137939453,294.16819676488353
2022-03-23,312.4692687988281,294.87276789444576,189.20167541503906,296.4597461198714,191.31403,297.84332,190.84037746082652,195.25292476295496,192.54306182861328,289.0169410519683
2022-03-24,311.059326171875,305.2220900189465,189.20167541503906,304.65437671700886,191.5165,305.5494,191.30929094679811,197.45043593041174,193.25235137939453,298.8853934380718
2022-03-25,316.0184020996094,303.08808265910176,189.20167541503906,302.01954380986945,190.58823,301.9133,190.84037746082652,194.85022757549046,192.6028793334961,296.7401207857064
2022-03-28,313.1499328613281,313.39418100630945,189.20167541503906,309.94090040834607,191.87697,311.7806,191.30929094679811,196.29938328496667,193.25235137939453,306.5171998469158
2022-03-29,297.25177001953125,309.7530885377582,189.20167541503906,306.74447915043754,191.49512,308.62085,190.84037746082652,194.9747969703448,192.0644973754883,303.00266414508076
2022-03-30,317.6227722167969,297.98608561483417,189.11624145507812,296.80582216351684,189.40875,296.64563,190.84037746082652,189.82458229341646,189.33842010498046,291.6169989140908
2022-03-31,322.04705810546875,322.56645765897696,189.20167541503906,322.06792425403296,191.17801,319.17673,191.30929094679811,199.3519391950539,193.25235137939453,315.3094648060751
2022-04-01,320.63714599609375,315.5286550867532,189.20167541503906,313.7305323089891,191.86517,314.5969,191.30929094679811,196.10792653160593,193.25235137939453,308.5222547281139
2022-04-04,320.9288330078125,311.64627997011985,189.20167541503906,310.55387468515926,190.58823,311.32996,190.84037746082652,194.85022757549046,192.6028793334961,304.7979457393734
2022-04-05,319.0327453613281,313.2224917018729,189.20167541503906,312.51677592834574,190.74768,312.22614,190.84037746082652,194.9752030370539,192.84215850830077,306.30797961316125
2022-04-06,325.6448059082031,314.8874686597158,189.20167541503906,313.14071197832914,190.28096,311.6295,190.84037746082652,194.09276774358196,191.06464691162108,307.7881834934492
2022-04-07,319.47027587890625,322.9533328813038,189.20167541503906,320.2360931059386,191.46742,320.74246,191.30929094679811,197.34051461234935,193.25235137939453,315.5785268381587
2022-04-08,328.367431640625,313.4926163641328,189.11624145507812,311.9547009822608,191.44884,313.73392,190.84037746082652,194.8239117964686,191.91067504882812,306.509389506331
2022-04-11,319.95648193359375,324.6634657817949,189.20167541503906,323.1054363045352,191.95355,325.19818,191.30929094679811,198.79885221329278,193.25235137939453,317.2562157599609
2022-04-12,323.165283203125,312.17612355924155,189.11624145507812,311.75853953921717,190.52847,315.1881,190.84037746082652,194.03113482699823,191.91067504882812,305.24044965231644
2022-04-13,333.4237060546875,320.2035241992162,189.20167541503906,320.67505285865496,192.09673,323.27402,190.84037746082652,195.94074815707773,193.25235137939453,312.9230508477864
2022-04-19,330.6038513183594,329.52861823847394,189.20167541503906,329.09564352262254,191.48973,332.49713,191.30929094679811,198.79885221329278,193.25235137939453,321.84084816822076
2022-04-20,327.8812561035156,322.412914254238,189.20167541503906,322.3577235189483,190.9773,325.65265,190.84037746082652,194.9747969703448,192.0644973754883,314.93495827123945
2022-04-21,325.7420349121094,322.68463563752744,189.20167541503906,323.55693282754925,191.17406,326.28705,190.84037746082652,194.9747969703448,192.0644973754883,315.19205234695414
2022-04-22,318.4493103027344,322.83896567235035,189.20167541503906,324.62151580969066,190.45978,325.1179,190.84037746082652,194.66212914613737,191.8850357055664,315.3361558290603
2022-04-25,305.1278991699219,318.2590943659926,189.11624145507812,321.0894586612658,190.1251,321.4639,190.84037746082652,193.24877689632183,190.0135284423828,310.9144709673511
2022-04-26,304.54449462890625,308.92315278659663,188.85986328125,313.95950751923044,190.52725,314.0978,190.84037746082652,188.54868680235955,189.31278228759766,301.8429396658738
2022-04-27,319.81060791015625,312.692372384724,188.85986328125,319.73844174566364,189.3466,319.06836,190.84037746082652,191.5380200418879,189.68878936767578,305.56215492007584
2022-04-28,311.399658203125,321.74505402882113,188.85986328125,328.5188338107117,189.49313,328.20087,191.30929094679811,196.15230828707848,189.91097717285157,314.35380590363616
2022-04-29,312.17755126953125,304.1395815231963,188.85986328125,309.97995195385175,190.89908,313.84525,190.84037746082652,189.74218845005618,189.31278228759766,297.3860398860967
2022-05-02,309.017333984375,311.4231100428801,189.20167541503906,316.9909113318337,189.87558,321.70206,190.84037746082652,194.1537427333199,191.92776489257812,304.5777045654934
2022-05-03,316.3100891113281,308.77871884119014,188.85986328125,314.52673903809034,189.85564,317.04272,190.84037746082652,191.3545758934888,189.440966796875,301.85563637918096
2022-05-04,326.0337219238281,317.788028775669,188.85986328125,323.63927650669285,190.72484,323.82394,191.30929094679811,194.6220926566407,189.91097717285157,310.539170315497
2022-05-05,325.59619140625,320.84548428098896,188.85986328125,326.0819168970796,190.15852,326.84955,191.30929094679811,196.2451746133016,189.91097717285157,313.51484451878355
2022-05-06,327.83258056640625,316.8048295087827,188.85986328125,321.45792225968586,189.14046,322.38284,190.84037746082652,192.52931747311428,189.68878936767578,309.4966217052587
2022-05-09,312.9554748535156,321.24576068744835,189.20167541503906,325.8221152602483,189.68387,325.45425,190.84037746082652,193.59950740529555,190.0562530517578,313.77139643708324
2022-05-10,312.12890625,310.56096854280355,188.85986328125,313.468866204134,190.18332,314.26038,190.84037746082652,188.15688401738637,189.31278228759766,303.35974653422727
2022-05-11,316.942138671875,319.17482675863175,188.85986328125,323.3264414543431,189.06456,321.95065,190.84037746082652,191.5380200418879,189.68878936767578,311.6621711646808
2022-05-12,322.4721374511719,321.3382882698702,188.85986328125,325.91941370632736,189.5488,323.8024,191.30929094679811,192.27788415914597,189.91097717285157,313.7777521751358
2022-05-13,324.7220764160156,321.8518102178405,188.85986328125,325.8189624078216,189.53046,325.41986,191.30929094679811,194.6778811364477,189.91097717285157,314.3746757623063
2022-05-16,323.9884033203125,319.18806290933156,188.85986328125,322.71969518231424,189.70424,323.27368,190.84037746082652,192.95487530312724,189.91097717285157,311.7742868102815
2022-05-18,334.6999816894531,318.1526431329404,188.85986328125,321.77876788794686,189.36707,320.26266,190.84037746082652,191.5380200418879,189.68878936767578,310.6983920052379
2022-05-19,324.81988525390625,331.1237904185881,188.85986328125,334.1295514810787,189.56601,330.82388,191.30929094679811,195.9567990049621,189.91097717285157,323.17020813370914
2022-05-20,329.27081298828125,319.28630466762013,188.85986328125,320.34843278623424,190.8018,319.5772,190.84037746082652,189.994442156544,189.31278228759766,311.65676453270146
2022-05-23,330.4447021484375,329.7651870111737,188.85986328125,332.23948995866283,189.30948,328.41052,191.30929094679811,193.44529305570427,189.91097717285157,321.77090707866637
2022-05-24,331.2272644042969,328.7640549994881,189.20167541503906,330.6514037124649,191.00589,327.92334,190.84037746082652,194.4824570162579,190.75699920654296,320.9123960002722
2022-05-25,345.313720703125,329.7557187000491,189.20167541503906,331.4375042101152,190.50009,329.78894,190.84037746082652,195.11235368902445,192.84215850830077,321.88759941196827
2022-05-27,345.06915283203125,344.22329418232266,189.20167541503906,344.49184720933886,191.78096,343.8405,191.30929094679811,198.90895820235755,193.25235137939453,335.6680672754502
2022-05-30,344.0420227050781,337.3652903766056,189.20167541503906,337.6774672779586,190.42047,336.0007,190.84037746082652,194.97426638207824,192.54306182861328,329.0256727462331
2022-05-31,352.74822998046875,338.98039897453265,189.20167541503906,339.05909898386534,190.60284,337.6043,190.84037746082652,195.16236481143133,192.54306182861328,330.556822005817
2022-06-01,342.3790588378906,350.6570142802768,189.20167541503906,349.6676437119427,191.83186,347.9053,191.30929094679811,198.61943248086376,193.25235137939453,341.73020389413216
2022-06-02,335.8738098144531,340.3470818452309,189.11624145507812,337.6798060290406,190.01256,338.69223,190.84037746082652,193.9405748754746,191.91067504882812,331.76333360431977
2022-06-03,340.3736877441406,340.0855128156693,189.11624145507812,339.8309021166007,190.9598,338.7087,190.84037746082652,194.57745563279119,191.73121337890626,331.5464508042554
2022-06-07,348.052734375,345.6625073761994,189.20167541503906,347.3380079136808,191.60965,343.70993,191.30929094679811,195.2139242116753,190.7911834716797,336.8649640610108
2022-06-08,348.1016540527344,348.1643234670442,189.20167541503906,349.90312977184874,191.33934,346.591,191.30929094679811,198.30676465665633,193.07288970947266,339.3929345359295
2022-06-09,348.492919921875,341.93542658316454,189.20167541503906,343.95570145660764,190.53862,341.97614,190.84037746082652,194.90797851711335,192.50887603759764,333.33818422605384
2022-06-10,343.5528869628906,342.9633053630768,189.20167541503906,345.06033133999756,191.04001,344.221,190.84037746082652,195.35536253295584,192.84215850830077,334.3361019600967
2022-06-13,327.26544189453125,341.3750966283262,189.20167541503906,343.1840392296881,190.61298,342.64407,190.84037746082652,194.97743361015912,192.0644973754883,332.790416710282
2022-06-14,345.99847412109375,332.38607120534147,189.11624145507812,333.3650370155947,188.5724,334.64627,190.84037746082652,190.43557672219265,190.0135284423828,324.0844761822498
2022-06-15,347.3680114746094,354.6187415603055,189.20167541503906,357.62929768124,191.74236,355.07318,191.30929094679811,199.07060534998718,193.07288970947266,345.4962028236961
2022-06-16,343.35723876953125,342.91450508693214,189.20167541503906,346.26870318249837,191.14774,345.69162,190.84037746082652,195.36292523024022,192.9361557006836,334.2939089731574
2022-06-17,342.9659729003906,338.2372243692719,189.20167541503906,341.39866620483104,190.22198,342.30847,190.84037746082652,195.27047473975182,191.8850357055664,329.8556927435552
2022-06-20,344.5311584472656,339.7433105125331,189.20167541503906,343.9491639739864,189.32776,342.9688,190.84037746082652,192.78368363812305,189.71442718505858,331.12369473292506
2022-06-21,339.4443664550781,344.68922822883223,189.20167541503906,348.69810912132596,190.90773,346.9405,190.84037746082652,195.36292523024022,192.9361557006836,335.97243681969155
2022-06-22,322.912353515625,338.6799092971627,189.20167541503906,342.4955590943871,189.61266,341.88666,190.84037746082652,192.87531244282687,189.49224243164062,330.1271691140704
2022-06-23,321.200439453125,325.36533964194416,188.85986328125,328.92565568341644,190.18332,331.17062,190.84037746082652,187.71243471319463,189.31278228759766,317.2897928941444
2022-06-24,317.189697265625,330.52751357156967,188.85986328125,336.14130813457183,189.16696,336.7011,190.84037746082652,191.3545758934888,189.68878936767578,322.3598862755209
2022-06-27,326.7274169921875,323.3608467892657,188.85986328125,329.3625877768101,188.65913,330.5558,190.84037746082652,191.08469875992796,189.46660461425782,315.5968732518752
2022-06-28,339.1997985839844,329.74283942799894,188.85986328125,336.68714981352275,190.66653,337.37885,191.30929094679811,194.42711904966438,189.91097717285157,321.80540146389126
2022-06-29,344.3354797363281,332.29498437089404,188.85986328125,338.8466946949686,190.495,340.26007,191.30929094679811,194.79449144553595,189.91097717285157,324.22228667558386
2022-06-30,335.0912780761719,330.17640521859505,188.85986328125,336.20941914509024,189.71191,336.02368,191.30929094679811,192.43299758753238,189.91097717285157,322.12585087469324
2022-07-01,322.81451416015625,323.71673930918695,188.85986328125,327.6481437760708,190.50443,329.24985,190.84037746082652,189.5175594159213,189.31278228759766,315.8262332654988
2022-07-04,341.3518981933594,322.86390240120335,188.85986328125,326.33307805912466,190.37651,327.25198,190.84037746082652,188.54868680235955,189.31278228759766,314.9750589257915
2022-07-05,330.1023254394531,345.51978635691046,188.85986328125,351.5749084978849,189.50903,346.32367,191.30929094679811,195.9627593524847,189.91097717285157,336.74993071077574
2022-07-06,320.76025390625,324.7708375119682,188.85986328125,328.0390251083953,190.53947,327.58856,190.84037746082652,188.7523271519795,189.31278228759766,316.77963986951477
2022-07-07,336.50970458984375,322.1926238704913,188.85986328125,325.5236396912122,189.61525,325.67465,190.84037746082652,188.7336733605135,189.31278228759766,314.35574376147633
2022-07-08,327.4610900878906,338.9979914689534,188.85986328125,344.1381741150378,190.54721,340.43683,191.30929094679811,194.6082513863238,189.91097717285157,330.52944890765673
2022-07-11,332.05877685546875,324.3867683456407,188.85986328125,326.525705281195,190.59917,326.8985,190.84037746082652,188.95873356809824,189.31278228759766,316.4194251730454
2022-07-12,327.90130615234375,332.15928572038223,188.85986328125,335.0772570783987,190.41214,335.54358,191.30929094679811,193.30498309486538,189.91097717285157,324.03533069764694
2022-07-13,332.5967712402344,325.7423793327473,188.85986328125,328.155715748891,189.54472,328.08957,190.84037746082652,190.81836442905814,189.46660461425782,317.80570274838385
2022-07-14,314.84197998046875,333.09233532884673,188.85986328125,336.07130135200674,190.0291,332.99573,191.30929094679811,191.7864896206914,189.91097717285157,324.8329135621808
2022-07-15,319.5374450683594,314.593005559483,188.85986328125,315.44661060007434,189.5247,317.2516,190.84037746082652,186.92854865778682,189.31278228759766,307.0927236241272
2022-07-18,334.55322265625,328.25687211537155,188.85986328125,330.7016529741953,189.37326,329.05954,191.30929094679811,191.80610875205616,189.91097717285157,320.27889234536633
2022-07-19,332.401123046875,336.03309562066505,188.85986328125,338.6595381148694,190.54721,336.05347,191.30929094679811,194.6082513863238,189.91097717285157,327.7288807090781
2022-07-20,340.1291198730469,326.2656363441439,188.85986328125,326.797300419207,189.41048,327.32993,190.84037746082652,190.86318135503424,189.68878936767578,318.29929803187383
2022-07-21,325.40679931640625,334.40735305933623,189.20167541503906,335.3586162965224,190.6258,335.61414,191.30929094679811,198.0193212346576,193.07288970947266,326.4303269223261
2022-07-22,335.43365478515625,321.40033534103924,188.85986328125,320.6105780206839,189.81659,323.03748,190.84037746082652,189.44718613762873,189.31278228759766,313.6244219783664
2022-07-25,335.3357849121094,339.98499105518346,189.20167541503906,341.44344224243093,190.97902,339.0112,191.30929094679811,198.44736721013706,193.07288970947266,331.7077037058235
2022-07-26,349.37335205078125,333.0765473417053,189.20167541503906,334.0807236155159,189.13466,332.57504,190.84037746082652,192.23496738488325,189.82552185058594,324.81884125880265
2022-07-27,346.9767150878906,346.3457464976936,189.20167541503906,348.14991893210293,189.6786,343.1636,191.30929094679811,196.17401162819945,190.09043731689454,337.5525030400081
2022-07-28,348.5418395996094,336.77204592825746,188.85986328125,337.1639657380216,189.26076,334.04788,190.84037746082652,191.76314762814465,189.68878936767578,328.2425255999449
2022-07-29,360.96533203125,343.4271034236472,189.20167541503906,343.9393050515239,190.68602,338.9393,190.84037746082652,194.4940150020634,190.75699920654296,334.73028422514244
2022-08-01,350.6450500488281,358.36254644160243,189.20167541503906,358.2992443382027,191.45244,352.988,191.30929094679811,198.90076632593048,193.25235137939453,349.00289197482175
2022-08-02,357.5415344238281,345.18061974814765,189.11624145507812,343.5080100209348,189.53215,338.9523,190.84037746082652,190.9589186276167,189.33842010498046,336.120672172474
2022-08-03,355.97637939453125,357.56444046931796,189.20167541503906,357.91618911007686,191.18971,350.6513,191.30929094679811,197.70546789990752,193.25235137939453,348.21586826876364
2022-08-04,345.6560974121094,353.20108135985424,189.20167541503906,352.94377543729536,190.83508,347.68668,190.84037746082652,194.9747969703448,192.6028793334961,343.9472008708757
2022-08-05,346.9767150878906,345.8182884910729,189.11624145507812,345.7250161069048,189.53215,340.0834,190.84037746082652,191.5076348808565,189.33842010498046,336.7579526191877
2022-08-08,344.87347412109375,350.6715856625152,189.20167541503906,352.23549576256386,191.0719,346.32724,190.84037746082652,195.36292523024022,192.74815216064454,341.6066387976839
2022-08-09,355.48724365234375,346.86824968717673,189.20167541503906,348.66243553193044,190.63747,343.34286,190.84037746082652,194.09276774358196,190.5262680053711,337.92400693061893
2022-08-10,341.8410339355469,354.4586938007292,189.20167541503906,357.97777023453955,191.3943,351.55048,191.30929094679811,198.26843950147594,193.25235137939453,345.3318258401273
2022-08-11,356.08245849609375,335.6163875074903,189.11624145507812,337.1827719993928,189.55551,335.64865,190.84037746082652,190.29346727613964,189.33842010498046,327.09441272764286
2022-08-12,351.8527526855469,356.73915236402786,189.20167541503906,360.86872979909685,191.34947,355.67807,191.30929094679811,198.90895820235755,193.25235137939453,347.49771703633587
2022-08-15,345.8524475097656,346.386103278172,189.20167541503906,348.58987982676445,190.42047,346.53937,190.84037746082652,195.4585731691049,192.0644973754883,337.5446919562162
2022-08-16,360.5088806152344,344.2322021657279,189.11624145507812,347.36496106804714,189.34619,343.41626,190.84037746082652,193.35853196002165,190.0135284423828,335.41508439958966
2022-08-17,358.836669921875,358.15338163676546,189.20167541503906,363.68859448937076,191.3198,356.5949,191.30929094679811,198.65198166234714,193.25235137939453,348.8299604617971
2022-08-18,362.5253601074219,349.8831347075151,189.20167541503906,354.3328996266433,190.04741,348.10983,190.84037746082652,194.8195693343846,192.4234176635742,340.84948064706134
2022-08-19,368.8207702636719,357.5770895416688,189.20167541503906,361.0609220382996,191.5555,355.90512,190.84037746082652,196.10792653160593,193.25235137939453,348.16173587007154
2022-08-22,379.3458557128906,363.0748513872358,189.20167541503906,366.9213323687595,191.70035,360.2213,191.30929094679811,197.215945217495,193.25235137939453,353.3954549272256
2022-08-23,389.96929931640625,376.04101314679775,189.20167541503906,378.2069997864727,191.58809,370.9251,191.30929094679811,198.61943248086376,193.25235137939453,365.66455974036955
2022-08-24,397.5926208496094,383.28517043104296,189.20167541503906,384.591393064743,191.31416,376.26654,191.30929094679811,198.61943248086376,193.25235137939453,372.4855620123026
2022-08-25,394.59246826171875,389.5677375463879,189.20167541503906,389.7112278322869,191.58171,381.0938,191.30929094679811,198.48519103705743,193.25235137939453,378.3909051772954
2022-08-26,399.5107116699219,387.0738270166227,189.20167541503906,385.48906956925543,191.29187,377.54538,190.84037746082652,194.9747969703448,192.0644973754883,375.84800635239674
2022-08-29,396.363037109375,396.7572756920924,189.20167541503906,395.06083436071583,191.1635,384.0359,191.30929094679811,196.01641314470837,193.25235137939453,385.059382826321
2022-08-30,380.8705139160156,393.73424374659055,189.20167541503906,390.91242188966976,190.97507,381.82788,190.84037746082652,195.00880641367553,192.0644973754883,382.1355503295699
2022-08-31,376.4440612792969,382.91125785287835,189.11624145507812,380.54980173050745,190.15337,372.66064,190.84037746082652,192.84344434175733,191.73121337890626,371.82726319788696
2022-09-01,376.2965087890625,385.6734522494027,189.20167541503906,387.15974238627416,189.9461,376.89963,190.84037746082652,195.39958528903196,191.8850357055664,374.5636205858867
2022-09-02,373.5914611816406,384.8562066960314,189.20167541503906,388.46169225635515,190.4506,378.95062,190.84037746082652,195.1415481883925,192.54306182861328,373.7995078215805
2022-09-05,394.10064697265625,377.92271641416306,189.20167541503906,381.9774383950493,190.40016,375.45306,190.84037746082652,194.6961385894681,192.0644973754883,367.24155679368994
2022-09-06,367.88629150390625,391.90506391161784,189.20167541503906,398.3989426624894,191.85162,390.13422,191.30929094679811,199.4247190591078,193.25235137939453,380.64973835977923
2022-09-07,346.8852844238281,358.30862054775463,189.11624145507812,361.2564489465238,189.91017,360.8927,190.84037746082652,190.88370232380137,190.0135284423828,348.5295564347151
2022-09-08,348.31158447265625,357.26190183513853,188.85986328125,360.8863521096306,189.50874,361.6725,190.84037746082652,188.86148181957628,189.31278228759766,347.4137144419109
2022-09-09,350.3772888183594,366.28839110085045,188.85986328125,373.1653714498476,190.44455,370.2267,190.84037746082652,191.2026008436943,189.91097717285157,356.08170948847135
2022-09-12,354.06597900390625,362.9706891142813,188.85986328125,369.68546180524606,190.66245,369.4188,190.84037746082652,191.85750699844604,189.91097717285157,352.9833477649378
2022-09-13,359.6236267089844,357.51136676588567,189.20167541503906,364.334473848312,190.31458,368.46542,190.84037746082652,193.18495241080396,189.94515838623047,347.92480802306636
2022-09-14,364.8369445800781,356.9346172745561,188.85986328125,364.27303282373686,189.88571,367.87476,191.30929094679811,193.67889195000166,189.91097717285157,347.39709257755374
2022-09-15,357.0660705566406,360.00720009905996,188.85986328125,366.93244110888884,189.61414,369.66235,191.30929094679811,193.27910540776975,189.91097717285157,350.28824393791706
2022-09-16,351.3117370605469,353.01640595523185,188.85986328125,358.48528215915553,190.56677,362.16473,190.84037746082652,190.59082063711458,189.31278228759766,343.48004424143016
2022-09-19,348.4099426269531,354.47261083559965,188.85986328125,360.10744141943667,190.36734,362.02194,190.84037746082652,190.57194237084911,189.31278228759766,344.863590355347
2022-09-20,345.80328369140625,355.6070742441705,188.85986328125,361.28056284467846,188.69392,361.6316,190.84037746082652,191.1194060913208,189.68878936767578,345.9802649750485
2022-09-21,348.6066589355469,353.75092760309786,188.85986328125,358.9606084178348,186.94655,359.0221,190.84037746082652,190.64884576346142,189.68878936767578,344.2181444188152
2022-09-22,351.5576171875,355.4997517083267,188.85986328125,360.3213951837431,187.14818,360.0101,190.84037746082652,190.8936453860899,189.91097717285157,345.91226976805365
2022-09-23,332.6715087890625,356.04387854438716,188.85986328125,359.4418528220152,187.90678,359.9935,190.84037746082652,191.67941719064945,189.91097717285157,346.44863790228794
2022-09-26,338.8193359375,334.98843589732303,188.85986328125,337.09952977706985,188.08716,340.499,190.84037746082652,185.46458921499837,189.31278228759766,326.24392968414486
2022-09-27,347.0328369140625,350.37531852248014,188.85986328125,354.2368608395842,188.70047,353.02942,191.30929094679811,191.10045493659692,189.91097717285157,341.0825202635075
2022-09-28,348.0164794921875,353.7135638515155,188.85986328125,356.04364498505174,189.01166,356.15204,191.30929094679811,193.59883454969528,189.91097717285157,344.3371583854466
2022-09-29,343.2457580566406,349.9961656249777,188.85986328125,350.4698072569944,188.53674,352.4873,190.84037746082652,190.8570886639009,189.83406524658204,340.68633355528084
2022-09-30,352.2462158203125,345.6066216939059,188.85986328125,344.6679597209579,187.33438,348.1044,190.84037746082652,190.56497458250632,189.46660461425782,336.4929801131249
2022-10-03,364.1976013183594,358.7979801280391,188.85986328125,358.4298021540397,190.52936,357.90317,191.30929094679811,193.9741848341394,189.91097717285157,349.1186151278805
2022-10-04,363.3614501953125,357.5553244154036,188.85986328125,360.26961060116787,190.36346,351.85562,191.30929094679811,194.1475508029351,189.91097717285157,347.98673853176433
2022-10-05,365.03369140625,352.39614146490754,188.85986328125,353.08933118591176,188.84322,347.18997,190.84037746082652,191.6118581162002,189.68878936767578,342.9597088429733
2022-10-06,368.9190979003906,357.4141455341043,189.20167541503906,357.84639600763217,190.3679,351.8599,190.84037746082652,194.4940150020634,192.9361557006836,347.9165173100496
2022-10-07,374.7718505859375,364.0531182053557,189.20167541503906,364.4695426993918,191.12888,356.4463,190.84037746082652,195.7952587073985,193.07288970947266,354.2444471569039
2022-10-10,370.93560791015625,370.5338769816247,189.20167541503906,370.7619740445705,191.66728,361.4395,191.30929094679811,197.02784678814191,193.07288970947266,360.404501538761
2022-10-11,366.2632751464844,364.840055380472,189.20167541503906,364.74062677277516,190.65674,356.0482,190.84037746082652,194.73512278052712,190.7911865234375,354.8972048157641
2022-10-12,360.8531799316406,364.2450891426944,188.85986328125,364.590212598779,189.61623,354.78772,190.84037746082652,192.6939632960288,189.46660461425782,354.1820521945608
2022-10-13,367.78790283203125,362.7412906557662,188.85986328125,363.31364422840545,190.16121,352.96494,190.84037746082652,191.36211971851438,189.46660461425782,352.67523488945756
2022-10-14,358.1972961425781,370.6857907515038,189.20167541503906,372.15668416123157,189.91167,360.87103,191.30929094679811,195.30685272728905,190.09043731689454,360.4393131243661
2022-10-17,358.2956848144531,357.0050011648596,188.85986328125,357.20786741870046,189.67296,350.41275,190.84037746082652,191.36029517738916,189.31278228759766,347.27791244366745
2022-10-18,352.6888122558594,360.8176551404054,189.20167541503906,362.1693703491171,189.0381,354.9409,190.84037746082652,192.72788918187658,189.97079772949218,350.98399599461357
2022-10-19,353.2298583984375,354.5302064129785,188.85986328125,355.719651528338,190.68045,350.52972,190.84037746082652,192.60187948904775,189.46660461425782,345.018187743715
2022-10-20,362.3286437988281,356.8926213966001,188.85986328125,358.9183124850239,189.42316,352.98846,190.84037746082652,192.54074753680834,189.83406524658204,347.26842077154606
2022-10-21,358.4432067871094,361.33072324567837,189.20167541503906,364.29569779119765,190.07774,357.74478,191.30929094679811,196.2451746133016,190.09043731689454,351.674675735267
2022-10-24,353.9184265136719,354.860376430341,189.20167541503906,355.56932701254084,190.02257,353.4737,190.84037746082652,195.07968137545808,192.0644973754883,345.50148066392774
2022-10-25,352.7872009277344,354.1558802416679,189.20167541503906,354.85994304439697,190.33784,352.6714,190.84037746082652,193.96168874226237,190.16735076904297,344.7786976686243
2022-10-26,357.45953369140625,355.7661517676546,188.85986328125,357.3979876760859,188.93718,353.4511,190.84037746082652,192.5928902738293,189.7998825073242,346.20713634892707
2022-10-27,369.3125915527344,360.07274645696714,189.20167541503906,362.4107324411386,190.87941,357.1686,191.30929094679811,193.5419218643761,190.20153045654297,350.35104269044336
2022-10-28,371.1815185546875,368.46125532675643,189.20167541503906,369.9621910639753,192.82693,365.06885,191.30929094679811,198.08196184903187,193.25235137939453,358.4915225941925
2022-10-31,374.1324768066406,363.6731948058613,189.20167541503906,364.8559244372243,190.34322,359.97714,190.84037746082652,194.79192202570425,192.9361557006836,353.8329106267081
2022-11-01,376.4440612792969,367.23356103962243,189.20167541503906,369.09063128057835,189.4963,361.03693,190.84037746082652,193.4197937104726,191.91921691894532,357.0984941232749
2022-11-02,381.5098876953125,371.21494949332333,189.20167541503906,373.00063850473487,192.85056,363.17404,190.84037746082652,194.42652691736197,192.50886993408204,360.90002073873984
2022-11-03,387.5593566894531,378.3758850295782,189.20167541503906,380.08551382475,193.6394,368.29587,191.30929094679811,194.88971510794042,193.27798614501953,367.64909353260964
2022-11-04,386.32977294921875,383.6071999379765,189.20167541503906,385.0350984500833,193.65201,372.25952,191.30929094679811,195.93413375234064,194.12401275634767,372.6608022772846
2022-11-07,386.9691467285156,381.02504529746494,189.20167541503906,382.3191669216551,189.34921,368.70645,190.84037746082652,192.30067080730282,191.66284637451173,369.99863234931604
2022-11-08,373.54229736328125,384.17310039357244,189.20167541503906,385.9388300490525,193.13478,370.9738,190.84037746082652,193.96294936902615,192.50886993408204,373.082299798206
2022-11-09,368.7223815917969,374.224041946006,188.85986328125,375.16774700055004,189.91826,362.4104,190.84037746082652,190.89560372528217,189.31278228759766,363.4838669385432
2022-11-10,349.83624267578125,377.2643662154632,189.20167541503906,379.37955785752376,189.70154,366.06168,190.84037746082652,192.46916048840436,189.57769775390625,366.44897231938387
2022-11-11,350.03631591796875,360.3881595123575,188.85986328125,362.21746636188766,190.37027,352.58865,190.84037746082652,187.6450034038261,189.31278228759766,350.27031307287257
2022-11-14,353.2293701171875,366.72424227297296,188.85986328125,370.38075676556764,190.01474,360.86798,190.84037746082652,191.4816983706745,189.83406524658204,356.4731831061274
2022-11-15,355.87359619140625,362.94623339214405,188.85986328125,367.04301788158114,190.37354,360.0798,190.84037746082652,192.32815479413773,189.91097717285157,352.97546464364984
2022-11-16,356.4223937988281,359.7435029440497,188.85986328125,363.7335893374821,189.72675,359.15396,190.84037746082652,193.38970313812135,189.91097717285157,350.01276215003395
2022-11-17,348.7890319824219,356.19529498948145,188.85986328125,360.1013902548856,189.45947,357.06265,190.84037746082652,192.57422976517213,189.83406524658204,346.61443056528515
2022-11-18,341.8042907714844,350.2049526501611,188.85986328125,353.756202409882,190.56995,350.59225,190.84037746082652,190.36418702958827,189.31278228759766,340.8123980448944
2022-11-21,339.25982666015625,347.4317902780764,188.85986328125,351.8977774986888,190.51447,348.37042,190.84037746082652,191.0682416137646,189.31278228759766,338.23873623153077
2022-11-22,354.6263122558594,347.504673964253,188.85986328125,352.57415551912345,189.73119,349.1811,190.84037746082652,191.3880581218526,189.68878936767578,338.3477623606308
2022-11-23,360.8128356933594,359.26810419958315,188.85986328125,365.6966600236951,189.65167,360.3256,191.30929094679811,195.75582678882074,189.91097717285157,349.69438403113907
2022-11-24,362.20977783203125,354.1818419127559,188.85986328125,359.73372150826685,189.63838,355.77472,191.30929094679811,194.6778811364477,189.91097717285157,344.8475597470938
2022-11-25,365.7021484375,353.25589044151405,188.85986328125,358.44365406591476,190.49863,353.03494,190.84037746082652,191.69399538214887,189.91097717285157,343.81613791869154
2022-11-28,361.5611877441406,358.9728088863548,188.85986328125,363.9692840521943,190.28151,355.97952,190.84037746082652,192.41722694008445,189.91097717285157,349.23970178554373
2022-11-29,376.1792907714844,358.0894361381209,188.85986328125,361.96890412421055,189.80571,352.74234,190.84037746082652,191.96292148710324,189.46660461425782,348.33775692180996
2022-11-30,378.27471923828125,374.27524716091375,188.85986328125,379.3895234756256,189.88191,365.57635,191.30929094679811,195.75582678882074,189.91097717285157,363.83018182221554
2022-12-01,376.0794982910156,369.3797626831885,188.85986328125,373.0407514757367,190.37947,359.80136,190.84037746082652,192.10976070493388,189.91097717285157,359.02532596554624
2022-12-02,365.5025634765625,368.9136574883285,188.85986328125,372.01850167055477,189.64322,357.47144,190.84037746082652,191.3545758934888,189.68878936767578,358.5135041046302
2022-12-05,367.4483337402344,363.79734848323346,188.85986328125,365.5909868899643,190.62047,352.0032,190.84037746082652,189.49185757380855,189.31278228759766,353.5717345703239
2022-12-06,365.1533508300781,370.6947268047143,188.85986328125,374.1938079313585,190.32063,356.32516,190.84037746082652,191.84914094293427,189.91097717285157,360.25824617216836
2022-12-07,359.914794921875,366.72692857011424,188.85986328125,369.16751536360186,189.88417,354.09656,190.84037746082652,191.3545758934888,189.68878936767578,356.45197031906207
2022-12-08,364.5546569824219,361.88594071737174,188.85986328125,363.8600150708276,190.02913,351.02087,190.84037746082652,191.22285202565325,189.46660461425782,351.87250283134404
2022-12-09,357.42022705078125,366.67560103625425,189.20167541503906,369.15437810238234,191.30914,357.617,191.30929094679811,194.99288671554226,190.7911834716797,356.66838886390633
2022-12-12,360.0145568847656,357.32582087121887,189.11624145507812,359.13701912340997,189.80634,350.0192,190.84037746082652,192.66756393461085,189.33842010498046,347.65263257001277
2022-12-13,367.1988830566406,361.98381288825595,188.85986328125,365.0566130900821,189.45882,354.57068,190.84037746082652,193.67807874646084,189.91097717285157,352.1549545152891
2022-12-14,362.55902099609375,365.13026569370953,189.20167541503906,368.79201477538106,189.2617,357.59912,191.30929094679811,196.54005123650649,190.7911834716797,355.30953625209395
2022-12-15,364.1555480957031,357.72319499977715,188.85986328125,360.5778723786,189.62898,350.93225,190.84037746082652,192.6939632960288,189.46660461425782,348.05042182252146
2022-12-16,356.671875,361.5566439671075,189.20167541503906,365.1509990646579,190.91173,355.11435,190.84037746082652,194.5274972304272,190.75699920654296,351.8240064996379
2022-12-19,360.8627014160156,355.2416319926567,189.11624145507812,358.4571275385208,189.91832,350.13724,190.84037746082652,194.09931244736669,190.0135284423828,345.8001376992514
2022-12-20,362.0600891113281,366.97773168130044,189.20167541503906,369.0393882951216,191.39796,360.3547,190.84037746082652,195.82874093576228,193.07288970947266,357.01062692709297
2022-12-21,361.3616027832031,363.9768833553622,189.20167541503906,366.2154051368949,189.98685,357.2709,190.84037746082652,192.958033087379,191.23556060791014,353.9949064891524
2022-12-22,364.60455322265625,362.2736425286358,188.85986328125,364.6137209983341,189.32872,355.44672,190.84037746082652,191.948258171661,191.51757049560547,352.29055091591147
2022-12-23,363.20758056640625,364.8534340916409,188.85986328125,367.6088839507445,189.67789,357.70676,190.84037746082652,193.1676116565009,191.77394104003906,354.8203850609335
2022-12-27,364.7043151855469,362.9272267583341,188.85986328125,365.28400684725875,189.64052,355.1608,190.84037746082652,191.20361116017665,191.51757049560547,352.8683352574699
2022-12-28,357.22064208984375,365.57138283528604,188.85986328125,368.0557984553584,189.77483,357.47018,190.84037746082652,192.6696574790395,191.77394104003906,355.47093133740145
2022-12-29,358.7173767089844,358.664001026774,188.85986328125,360.5685296246742,190.319,349.99414,190.84037746082652,190.67654276104503,191.14156036376954,348.7951568422857
2022-12-30,351.0341491699219,363.72397802701136,188.85986328125,366.2805153888911,190.18251,353.69565,190.84037746082652,191.4017612651559,191.77394104003906,353.6700742550611
2023-01-02,352.78033447265625,351.660688881794,188.85986328125,355.0668603187978,190.19647,343.05008,190.84037746082652,189.67999665991545,191.14156036376954,342.1614459370743
2023-01-03,333.0733337402344,356.61300296123693,188.85986328125,360.2550754202946,190.29684,348.305,190.84037746082652,191.69176944467833,191.77394104003906,346.98850107667135
2023-01-04,316.8088073730469,332.20620680849487,188.85986328125,337.03914973321935,188.09879,328.4196,190.84037746082652,187.0788483508737,189.31278228759766,323.72719917227255
2023-01-05,318.9042663574219,323.22805597654565,188.85986328125,330.6698973811537,188.19933,322.1675,190.84037746082652,186.47080885931905,189.31278228759766,315.24871684827224
2023-01-06,320.8500061035156,329.2391521064189,188.85986328125,337.7471791696049,187.17458,329.5072,190.84037746082652,191.32268229376183,189.91097717285157,321.2188140312819
2023-01-09,312.20001220703125,324.8841948533809,188.85986328125,332.6507965060605,187.3496,326.62497,190.84037746082652,190.58203459876256,189.91097717285157,317.07280709581835
2023-01-10,309.1000061035156,310.7847847674243,188.85986328125,317.6014053735797,188.3131,316.3798,190.84037746082652,188.13467854818504,189.31278228759766,303.5970390686891
2023-01-11,303.54998779296875,310.22860269887343,188.85986328125,317.4511594726887,187.54245,315.94086,190.84037746082652,189.7535047795496,189.440966796875,303.17655586336355
2023-01-12,309.79998779296875,305.02775928785064,188.85986328125,312.3759949271408,188.05052,309.85776,190.84037746082652,189.2270166833186,189.31278228759766,298.2407270075
2023-01-13,308.54998779296875,312.677068621011,188.85986328125,319.8087779311503,190.12321,316.2319,191.30929094679811,191.6858659144289,189.91097717285157,305.60303807684943
2023-01-16,303.1499938964844,307.0497587135908,188.85986328125,312.4257890324478,186.90839,310.542,190.84037746082652,189.63325374260907,189.68878936767578,300.1694870770797
2023-01-17,308.70001220703125,304.09193257565596,188.85986328125,308.02977370177985,187.949,307.20987,190.84037746082652,189.1935344549548,189.31278228759766,297.337885916038
2023-01-18,309.6000061035156,312.3140594038578,188.85986328125,316.21540478315194,190.19095,312.83987,191.30929094679811,191.6858659144289,189.91097717285157,305.2429378757862
2023-01-19,303.3999938964844,311.7352257564233,188.85986328125,313.9767022059789,187.06628,310.35864,190.84037746082652,189.72902074901162,189.83406524658204,304.60909572052014
2023-01-20,306.70001220703125,307.3311868968875,188.85986328125,307.8227264885493,188.3131,305.01868,190.84037746082652,189.13275471385262,189.31278228759766,300.35727705057093
2023-01-23,308.20001220703125,314.51493367391896,188.85986328125,314.5564902385347,187.13477,309.6606,190.84037746082652,190.2686201212484,189.91097717285157,307.2500582610105
2023-01-24,300.8999938964844,315.7881425840329,188.85986328125,314.16242653566195,187.4766,308.9948,190.84037746082652,189.84739644058945,189.91097717285157,308.4126201477982
2023-01-25,294.29998779296875,307.59905130451426,188.85986328125,305.1345561751137,188.2301,299.89758,190.84037746082652,188.33698750855052,189.31278228759766,300.55924420107044
2023-01-26,294.70001220703125,305.0135305873269,188.85986328125,302.42836325240694,188.2301,297.2724,190.84037746082652,188.36126882030777,189.31278228759766,298.1220065530533
2023-01-27,303.54998779296875,307.6659845986307,188.85986328125,305.1705750308033,187.20653,297.90308,190.84037746082652,189.6815708245688,189.83406524658204,300.7376836456798
2023-01-30,299.3999938964844,314.3902314374738,188.85986328125,310.9705753016282,189.38693,303.6822,191.30929094679811,193.62584130367551,189.91097717285157,307.2656138959468
2023-01-31,303.29998779296875,299.68543773310586,188.85986328125,296.49648931476725,187.415,288.65604,190.84037746082652,189.4077542959645,189.46660461425782,293.17817523970336
2023-02-01,304.79998779296875,303.1454155953901,188.85986328125,300.76584290071855,188.2505,291.24652,190.84037746082652,191.8890969981098,189.91097717285157,296.6161659495684
2023-02-02,293.6499938964844,304.47159590785253,188.85986328125,300.969282997742,190.31618,292.32074,190.84037746082652,191.4691925745244,190.0220703125,297.8181005649285
2023-02-03,299.8500061035156,296.0905481954499,188.85986328125,291.60873429320486,189.3538,283.6178,190.84037746082652,188.2561952854063,189.31278228759766,289.70936280743274
2023-02-06,294.5,304.42605265229827,188.85986328125,302.395892632565,191.4143,290.11356,191.30929094679811,193.07305133118297,189.91097717285157,297.86179787688695
2023-02-07,299.45001220703125,296.05406630747984,188.85986328125,292.90026879479444,190.16687,282.82007,190.84037746082652,190.90396114728205,189.31278228759766,289.82016626137056
2023-02-08,319.95001220703125,302.4407627967712,188.85986328125,300.0441982616984,190.9617,288.80334,191.30929094679811,192.31136638750976,189.91097717285157,295.95580798916706
2023-02-09,320.6499938964844,318.7570240321793,189.20167541503906,316.117061938147,190.51521,304.5585,191.30929094679811,198.50182808292175,193.07288970947266,311.6838629662021
2023-02-10,331.29998779296875,310.5482926642802,189.20167541503906,306.47831137773113,190.12227,295.41547,190.84037746082652,194.0090111315461,190.67154388427736,303.7192933349121
2023-02-13,330.0,325.4652055665521,189.20167541503906,321.21103006254486,191.92992,307.79855,191.30929094679811,198.30676465665633,193.07288970947266,317.9762193289574
2023-02-14,328.1499938964844,323.5257719664668,189.20167541503906,318.6115936726642,190.27972,304.47748,190.84037746082652,194.86342039578236,192.6028793334961,315.97179130028917
2023-02-15,324.3500061035156,327.2747974280774,189.20167541503906,323.21148353259986,190.46931,305.4714,190.84037746082652,194.6961385894681,192.4234176635742,319.50382126560305
2023-02-16,326.0,326.1610632819808,189.20167541503906,322.68646089380707,190.05916,304.23663,190.84037746082652,194.73512278052712,190.7911865234375,318.4395392257114
2023-02-17,318.04998779296875,330.2528588142404,189.20167541503906,327.76497656845333,190.84607,308.4269,190.84037746082652,195.36292523024022,193.11561737060546,322.3608133767408
2023-02-20,319.79998779296875,321.01644536767714,189.11624145507812,318.6484672418161,190.03622,301.064,190.84037746082652,192.84126544544168,190.0135284423828,313.47624666186016
2023-02-21,315.04998779296875,325.025750910024,189.20167541503906,324.2057684974433,190.83456,305.50177,190.84037746082652,194.70503388641183,190.75699920654296,317.4052993634218
2023-02-22,314.8999938964844,318.3273679461618,189.20167541503906,317.41461605970034,190.12013,301.30972,190.84037746082652,194.18649154988682,190.7911865234375,311.03219305676964
2023-02-23,321.8999938964844,319.2790528120637,189.20167541503906,319.4330098644776,190.53302,303.78275,190.84037746082652,194.97426638207824,192.3636001586914,312.0044997335972
2023-02-24,322.3500061035156,322.6077714992558,189.20167541503906,324.1951648376323,191.63118,308.07748,191.30929094679811,197.84193339789016,193.25235137939453,315.29874428605103
2023-02-27,321.04998779296875,318.2597878728769,189.20167541503906,320.27548980686663,190.61894,303.8842,190.84037746082652,195.0092124803846,192.6626968383789,311.0712346078618
2023-02-28,320.1499938964844,316.88861824565805,189.20167541503906,319.37034114020264,190.40843,303.39398,190.84037746082652,194.6961385894681,192.4234176635742,309.7524296665446
2023-03-01,318.1499938964844,317.3083440936227,189.20167541503906,320.6899929367453,189.8247,303.4334,190.84037746082652,195.13170657032546,192.3636001586914,310.1792537020435
2023-03-02,324.5,316.6121268133469,189.20167541503906,320.60503608617864,190.50064,302.67358,190.84037746082652,194.12677718691268,190.5262680053711,309.45190703502726
2023-03-03,320.70001220703125,322.5249566535686,189.20167541503906,327.48866766365194,191.84332,309.47336,191.30929094679811,197.215945217495,193.25235137939453,315.2078557400188
2023-03-06,320.45001220703125,314.74841327318046,189.20167541503906,319.9301039684956,190.58046,302.801,190.84037746082652,195.30448418308254,191.8850357055664,307.7562049482575
2023-03-07,320.95001220703125,317.83816439055715,189.20167541503906,323.2135711830784,190.63603,306.31308,190.84037746082652,195.1415481883925,192.54306182861328,310.68076150516913
2023-03-08,320.29998779296875,322.13896844736894,189.20167541503906,325.87195777620923,191.23087,309.5096,190.84037746082652,195.0092124803846,192.6626968383789,314.7355074468328
2023-03-09,312.70001220703125,320.7109832148365,188.85986328125,325.4707534559384,189.03352,306.4048,190.84037746082652,191.81484435492968,191.51757049560547,313.1480805954976
2023-03-10,316.1499938964844,313.40859018641817,188.85986328125,318.2596946244985,190.30305,300.3806,190.84037746082652,189.94820686511144,191.14156036376954,306.15028131339716
2023-03-13,308.79998779296875,319.2334204794801,188.85986328125,325.459351441467,190.63503,304.59442,190.84037746082652,191.82505173658842,191.77394104003906,311.8040761207682
2023-03-14,307.25,308.90403175317425,188.85986328125,314.8984611333191,190.11472,295.70285,190.84037746082652,189.6557153481582,191.14156036376954,301.9008164255923
2023-03-15,291.75,309.5969857673012,188.85986328125,316.3430861860195,188.9829,296.66556,190.84037746082652,190.70386775217978,191.51757049560547,302.63469571453265
2023-03-16,288.29998779296875,291.5739997554595,188.85986328125,299.50061265854777,188.12506,282.4494,190.84037746082652,187.52329765506545,189.3982376098633,285.49853688107567
2023-03-17,290.25,294.1774731782308,188.85986328125,303.60224081055946,187.42804,285.1174,190.84037746082652,190.47886437422866,189.55205993652345,288.1179755732495
2023-03-20,291.6499938964844,294.2125483910865,188.85986328125,303.2803773578303,187.80815,287.0085,190.84037746082652,191.59386324358118,191.20137939453124,288.24610976819906
2023-03-21,292.70001220703125,291.58997721215786,188.85986328125,300.0087306691251,187.91025,285.28525,190.84037746082652,191.1979813970249,191.20137939453124,285.75069266368155
2023-03-22,292.70001220703125,289.6695561927689,188.85986328125,297.33035623110834,189.231,284.5369,190.84037746082652,191.1979813970249,191.20137939453124,283.9259634672436
2023-03-23,290.20001220703125,289.7561927556329,188.85986328125,296.72057886489165,189.48947,283.9674,190.84037746082652,191.0207257173102,190.86809692382812,283.9531465623212
2023-03-24,281.29998779296875,288.8854670738898,188.85986328125,295.2020825901289,187.3203,281.52164,190.84037746082652,190.63422072259115,191.29538269042968,283.12874215475006
2023-03-27,286.0,281.8438816486444,188.85986328125,288.1916016066792,188.4544,274.6748,190.84037746082652,187.87639351219678,190.4920867919922,276.3324165849351
2023-03-28,293.54998779296875,290.6377651558917,188.85986328125,297.2450186854311,189.94365,282.11798,191.30929094679811,191.4492002393207,190.0220703125,284.84423918786763
2023-03-29,294.1000061035156,293.69275509140596,188.85986328125,299.51206218464273,191.61691,284.6196,191.30929094679811,194.21772775589105,189.91097717285157,287.83961729955035
2023-03-30,296.3500061035156,290.2585512511868,188.85986328125,294.62857860643686,188.78941,281.12656,190.84037746082652,191.29044081699251,189.83406524658204,284.4521000373586
2023-03-31,298.70001220703125,291.87105803215366,188.85986328125,296.2558208631885,187.65439,280.75772,190.84037746082652,191.65767522934493,189.91097717285157,286.0170126298452
2023-04-03,311.95001220703125,295.8195961385287,188.85986328125,299.27261988449305,188.9665,282.6493,190.84037746082652,191.65767522934493,189.91097717285157,289.7227854296858
2023-04-04,305.29998779296875,308.1034511712384,188.85986328125,311.66169025642995,192.2993,291.98215,191.30929094679811,194.91161837813448,189.91097717285157,301.43482604161863
2023-04-05,304.20001220703125,297.4813940481354,188.85986328125,298.86108574168395,190.52457,281.13672,190.84037746082652,191.0347593854008,189.31278228759766,291.180018519879
2023-04-11,306.1499938964844,301.88814169710076,188.85986328125,303.8378374101627,189.2245,283.4225,190.84037746082652,191.4705887325194,189.68878936767578,295.3859438004848
2023-04-12,309.5,306.1378980482313,188.85986328125,307.6939132834459,190.39653,286.82156,190.84037746082652,192.08987722870515,189.91097717285157,299.4490604088045
2023-04-13,306.54998779296875,307.79549938006187,188.85986328125,309.76361737835265,190.42705,286.99722,190.84037746082652,192.24482815118918,189.91097717285157,301.0283969269252
2023-04-14,307.0,303.1385452095869,188.85986328125,304.20277702290224,190.16293,283.69656,190.84037746082652,191.4284139678011,189.440966796875,296.55279708894545
2023-04-17,308.3500061035156,305.68671933724903,188.85986328125,306.9727387017166,189.69888,285.90436,190.84037746082652,192.18449104297952,189.83406524658204,299.01820577972273
2023-04-18,304.95001220703125,307.3079084292307,189.20167541503906,308.37329898699716,191.15819,288.56296,190.84037746082652,195.09069742945263,194.11546478271484,300.75301743382
2023-04-19,300.1000061035156,303.6843292366427,189.20167541503906,304.6654310669769,190.14497,286.08066,190.84037746082652,194.62877597009086,193.63690185546875,297.2863591265833
2023-04-20,301.0,300.5540119206666,189.20167541503906,302.01047628492864,189.38911,283.9416,190.84037746082652,193.1355363785286,190.16735076904297,294.25960024602057
2023-04-21,302.70001220703125,302.9524177532465,189.20167541503906,305.2822824384514,188.75899,286.64474,190.84037746082652,193.0474061006136,190.75699920654296,296.56696988634417
2023-04-24,305.45001220703125,302.47780324694344,189.20167541503906,305.14543798043974,189.16388,286.91495,190.84037746082652,193.53514363768625,190.75699920654296,296.14201711419116
2023-04-25,301.8999938964844,302.40931099779306,189.20167541503906,305.5033414535455,190.8714,287.62704,190.84037746082652,194.6124735256505,190.75699920654296,296.1200443758636
2023-04-26,300.45001220703125,297.52491147476246,189.20167541503906,300.4444074559761,190.24574,283.96454,190.84037746082652,194.51031997290266,190.16735076904297,291.4730615682845
2023-04-27,297.25,300.10247308104965,189.20167541503906,302.7457354422317,192.71167,286.9647,190.84037746082652,194.47133578184364,194.17528839111327,293.9204037741083
2023-04-28,305.0,299.831558459375,189.20167541503906,301.82103241500386,193.10849,286.39816,190.84037746082652,193.90197437928822,191.91921691894532,293.6001432592062
2023-05-02,297.1000061035156,306.9680818074296,189.20167541503906,310.41334388351476,194.20662,292.57208,191.30929094679811,197.21305162085505,192.54305419921874,300.5266318585467
2023-05-03,293.3999938964844,295.7936898926281,188.85986328125,297.8581797424423,190.25414,283.10776,190.84037746082652,191.13834773161796,190.4920867919922,289.6075081441421
2023-05-04,296.1499938964844,295.8545909388959,188.85986328125,299.26367647982084,189.80411,283.38687,190.84037746082652,191.29165516211788,190.64590911865236,289.6920487618811
2023-05-05,310.5,299.23569011010085,188.85986328125,303.3493796773984,190.50165,286.5414,190.84037746082652,192.10335198651327,191.20137939453124,292.96304921265664
2023-05-08,314.54998779296875,308.5101160744228,188.85986328125,313.8787634262884,191.645,293.40982,191.30929094679811,195.098355191372,190.0220703125,301.8484558764652
